Time,UMTS,GPRS,WLAN,4G,5G
0.1,0.0,0.0,101584.64,0.0,462502.52
2.4,0.0,0.0,0.0,101699.45,462502.52
4.4,0.0,174.15,0.0,0.0,462502.52
6.4,0.0,0.0,101584.64,0.0,462502.52
8.4,1346.13,0.0,0.0,0.0,462502.52
10.4,0.0,0.0,0.0,0.0,506837.38
12.4,0.0,0.0,0.0,101699.45,462502.52
14.4,0.0,0.0,101584.64,0.0,462502.52
16.4,0.0,0.0,0.0,0.0,462504.59
18.5,0.0,0.0,0.0,101699.45,462502.52
20.5,0.0,0.0,0.0,0.0,462502.52
22.5,0.0,0.0,101584.64,0.0,462502.52
24.5,0.0,0.0,0.0,101699.45,462502.52
26.5,0.0,0.0,0.0,101699.45,0.0
28.7,0.0,0.0,0.0,0.0,462502.52
30.8,0.0,174.15,0.0,0.0,462502.52
32.8,0.0,174.15,0.0,0.0,0.0
35.1,1346.13,0.0,0.0,0.0,462502.52
37.3,1661.05,0.0,0.0,0.0,462502.52
39.3,1661.04,0.0,0.0,0.0,0.0
41.4,1661.04,0.0,0.0,0.0,0.0
43.4,0.0,174.16,0.0,0.0,0.0
45.6,0.0,174.15,0.0,0.0,0.0
47.6,0.0,174.15,0.0,0.0,462502.52
49.8,0.0,0.0,0.0,101699.45,462502.52
51.8,0.0,0.0,0.0,101699.45,0.0
53.9,0.0,0.0,101584.64,0.0,462502.52
56.0,0.0,0.0,0.0,0.0,462502.52
58.0,0.0,0.0,101584.64,0.0,462502.52
60.0,0.0,0.0,101584.64,0.0,0.0
62.1,0.0,0.0,101584.64,0.0,0.0
64.1,0.0,0.0,0.0,101699.45,0.0
66.3,0.0,0.0,0.0,101699.45,0.0
68.3,0.0,0.0,0.0,101699.45,0.0
70.3,0.0,0.0,0.0,101699.45,0.0
72.4,0.0,0.0,0.0,101699.45,0.0
74.4,0.0,0.0,101584.64,0.0,462502.52
76.9,0.0,0.0,0.0,0.0,462502.52
79.0,0.0,0.0,0.0,0.0,462502.86
81.0,0.0,0.0,0.0,0.0,462502.52
83.0,0.0,0.0,0.0,0.0,462502.52
85.1,0.0,0.0,0.0,101699.45,462502.52
87.1,0.0,0.0,0.0,101699.45,462502.52
89.2,0.0,174.15,0.0,0.0,462502.52
91.3,1346.13,0.0,0.0,0.0,462502.52
93.3,1661.04,0.0,0.0,0.0,0.0
95.6,1661.07,0.0,0.0,0.0,0.0
97.6,1661.04,0.0,0.0,0.0,462502.52
100.0,0.0,0.0,0.0,0.0,462502.52
102.0,0.0,0.0,0.0,0.0,462502.53
104.1,0.0,0.0,0.0,101699.45,462502.52
106.1,0.0,0.0,0.0,101699.45,462502.52
108.2,0.0,0.0,0.0,101699.45,0.0
110.8,0.0,0.0,0.0,0.0,462502.52
113.2,0.0,0.0,0.0,0.0,462502.53
115.2,1346.13,0.0,0.0,0.0,462502.52
117.2,0.0,0.0,0.0,0.0,462502.61
119.3,0.0,0.0,0.0,0.0,462502.52
121.3,0.0,0.0,0.0,0.0,462502.52
123.3,0.0,0.0,0.0,101699.45,0.0
125.6,0.0,0.0,0.0,101699.45,0.0
127.6,0.0,0.0,0.0,101699.45,462502.52
129.8,0.0,0.0,0.0,0.0,462502.53
131.8,0.0,0.0,0.0,0.0,462502.52
133.8,0.0,0.0,0.0,101699.45,462502.52
135.8,0.0,0.0,0.0,101699.45,0.0
138.1,0.0,0.0,0.0,101699.45,0.0
140.1,0.0,0.0,101584.64,0.0,0.0
142.3,0.0,0.0,0.0,0.0,462502.52
144.5,0.0,0.0,0.0,101699.45,462502.52
146.5,0.0,0.0,0.0,101699.45,0.0
148.6,0.0,0.0,0.0,101699.45,462502.52
150.7,0.0,0.0,0.0,0.0,462502.52
152.7,0.0,0.0,0.0,101699.45,0.0
154.8,0.0,0.0,0.0,101699.45,0.0
156.9,0.0,174.15,0.0,0.0,0.0
159.1,0.0,174.15,0.0,0.0,0.0
161.1,0.0,174.22,0.0,0.0,0.0
163.1,0.0,174.16,0.0,0.0,0.0
165.2,0.0,174.15,0.0,0.0,0.0
167.2,0.0,0.0,0.0,101699.45,462502.52
169.4,0.0,0.0,0.0,101699.45,0.0
171.6,0.0,0.0,0.0,101699.45,462502.52
173.9,0.0,0.0,0.0,0.0,462502.53
175.9,0.0,0.0,0.0,101699.45,462502.52
177.9,0.0,0.0,0.0,101699.45,0.0
180.2,0.0,0.0,0.0,101699.45,0.0
182.2,0.0,174.24,0.0,0.0,462502.52
184.6,0.0,0.0,0.0,101699.45,462502.52
186.6,0.0,0.0,0.0,101699.45,462502.52
188.6,0.0,0.0,101584.64,0.0,462502.52
190.6,0.0,0.0,0.0,0.0,462502.52
192.6,1346.13,0.0,0.0,0.0,462502.52
194.7,1661.05,0.0,0.0,0.0,462502.52
196.7,1346.13,0.0,0.0,0.0,462502.52
198.7,0.0,174.15,0.0,0.0,462502.52
200.7,0.0,174.15,0.0,0.0,462502.52
202.7,0.0,174.15,0.0,0.0,0.0
205.0,0.0,209.22,0.0,0.0,0.0
207.1,0.0,174.15,0.0,0.0,0.0
209.1,1346.13,0.0,0.0,0.0,0.0
211.3,1661.04,0.0,0.0,0.0,0.0
213.3,1661.04,0.0,0.0,0.0,0.0
215.4,1346.13,0.0,0.0,0.0,462502.52
217.6,0.0,0.0,101584.64,0.0,462502.52
219.6,0.0,0.0,101584.64,0.0,462502.52
221.6,0.0,0.0,101584.64,0.0,0.0
223.8,0.0,0.0,101584.64,0.0,0.0
225.8,0.0,0.0,101584.64,0.0,0.0
227.8,0.0,0.0,101584.64,0.0,462502.52
230.0,0.0,0.0,0.0,0.0,462502.52
232.0,0.0,0.0,101584.64,0.0,462502.52
234.0,0.0,0.0,101584.64,0.0,0.0
236.3,1347.32,0.0,0.0,0.0,462502.52
238.7,1661.04,0.0,0.0,0.0,462502.52
240.7,1346.13,0.0,0.0,0.0,462502.52
242.7,0.0,0.0,0.0,0.0,462502.69
244.7,0.0,0.0,0.0,0.0,462502.55
246.8,0.0,0.0,0.0,0.0,462502.52
248.8,0.0,0.0,0.0,101699.45,462502.52
250.9,0.0,0.0,0.0,101699.45,0.0
256.7,0.0,0.0,0.0,101699.45,462502.52
261.2,0.0,174.27,0.0,0.0,462502.52
263.4,0.0,174.25,0.0,0.0,462502.52
265.4,0.0,0.0,0.0,0.0,462502.52
267.5,0.0,0.0,0.0,0.0,462502.52
269.6,1346.13,0.0,0.0,0.0,462502.52
271.7,1660.68,0.0,0.0,0.0,462502.52
273.7,1661.04,0.0,0.0,0.0,0.0
278.8,1661.04,0.0,0.0,0.0,0.0
280.9,1661.04,0.0,0.0,0.0,0.0
282.9,1661.05,0.0,0.0,0.0,462502.52
287.6,0.0,0.0,0.0,0.0,462502.65
289.7,0.0,0.0,0.0,0.0,462502.52
292.0,0.0,0.0,0.0,101699.45,462502.52
294.1,0.0,0.0,0.0,101699.45,462502.52
296.2,0.0,0.0,0.0,0.0,462502.52
298.2,0.0,0.0,0.0,0.0,462502.52
300.3,0.0,0.0,0.0,0.0,462505.99
302.3,0.0,0.0,0.0,0.0,462502.52
304.6,0.0,0.0,0.0,0.0,462502.52
306.8,0.0,0.0,0.0,0.0,462502.52
308.9,1346.13,0.0,0.0,0.0,462502.52
310.9,1661.05,0.0,0.0,0.0,462502.52
313.0,1661.05,0.0,0.0,0.0,462502.52
315.1,1661.04,0.0,0.0,0.0,0.0
320.1,1661.04,0.0,0.0,0.0,462502.52
324.8,1346.13,0.0,0.0,0.0,462502.52
327.1,0.0,0.0,0.0,0.0,462502.52
329.3,0.0,0.0,0.0,0.0,462502.52
331.5,0.0,0.0,0.0,0.0,462502.52
333.6,0.0,0.0,0.0,0.0,462502.52
335.7,0.0,0.0,0.0,0.0,462502.52
337.8,0.0,0.0,0.0,0.0,462502.52
339.8,0.0,0.0,0.0,101699.45,462502.52
341.9,0.0,0.0,0.0,101699.45,462502.52
344.0,0.0,0.0,0.0,101699.45,462502.52
346.0,0.0,0.0,0.0,101699.45,0.0
351.1,0.0,0.0,0.0,101699.45,462502.52
355.1,0.0,0.0,0.0,0.0,462502.52
357.2,0.0,0.0,0.0,0.0,462502.52
359.3,0.0,0.0,0.0,0.0,462502.52
361.4,0.0,0.0,0.0,0.0,462502.52
